Point.Forecast,Lo.80,Hi.80,Lo.95,Hi.95
18224.1701062965,13897.0270998606,22551.3131127324,11606.3759600542,24841.9642525388
